-- +goose Up
-- +goose StatementBegin
INSERT INTO genres (id, name) VALUES
    ('00000000-0000-0000-0000-000000000001', 'Rock'),
    ('00000000-0000-0000-0000-000000000002', 'Pop'),
    ('00000000-0000-0000-0000-000000000003', 'Techno'),
    ('00000000-0000-0000-0000-000000000004', 'Jazz'),
    ('00000000-0000-0000-0000-000000000005', 'Classical'),
    ('00000000-0000-0000-0000-000000000006', 'Hip-Hop'),
    ('00000000-0000-0000-0000-000000000007', 'Electronic'),
    ('00000000-0000-0000-0000-000000000008', 'Ambient'),
    ('00000000-0000-0000-0000-000000000009', 'Indie'),
    ('00000000-0000-0000-0000-000000000010', 'Metal')
ON CONFLICT DO NOTHING;

INSERT INTO artists (id, name) VALUES
    ('10000000-0000-0000-0000-000000000001', 'Antonio Vivaldi'),
    ('10000000-0000-0000-0000-000000000002', 'Ludwig van Beethoven'),
    ('10000000-0000-0000-0000-000000000003', 'Wolfgang Amadeus Mozart'),
    ('10000000-0000-0000-0000-000000000004', 'Johann Sebastian Bach'),
    ('10000000-0000-0000-0000-000000000005', 'Johann Pachelbel')
ON CONFLICT DO NOTHING;

INSERT INTO albums (id, name) VALUES
    ('20000000-0000-0000-0000-000000000001', 'The Four Seasons'),
    ('20000000-0000-0000-0000-000000000002', 'Beethoven: Piano Masterpieces'),
    ('20000000-0000-0000-0000-000000000003', 'Mozart: Masterpieces'),
    ('20000000-0000-0000-0000-000000000004', 'Bach: Masterpieces'),
    ('20000000-0000-0000-0000-000000000005', 'Pachelbel: Canon in D')
ON CONFLICT DO NOTHING;

-- Genre is Classical for every track ('...005'). Durations are exact (ffprobe).
-- file_url keys match the object keys uploaded by scripts/seed-s3.sh.
INSERT INTO tracks (id, title, artist_id, album_id, genre_id, duration_seconds, file_url) VALUES
    ('30000000-0000-0000-0000-000000000001', 'The Four Seasons: Spring, I. Allegro', '10000000-0000-0000-0000-000000000001', '20000000-0000-0000-0000-000000000001', '00000000-0000-0000-0000-000000000005', 215, 'http://localhost:9000/tracks/vivaldi-spring.mp3'),
    ('30000000-0000-0000-0000-000000000002', 'The Four Seasons: Summer, III. Presto', '10000000-0000-0000-0000-000000000001', '20000000-0000-0000-0000-000000000001', '00000000-0000-0000-0000-000000000005', 159, 'http://localhost:9000/tracks/vivaldi-summer.mp3'),
    ('30000000-0000-0000-0000-000000000003', 'The Four Seasons: Autumn, I. Allegro', '10000000-0000-0000-0000-000000000001', '20000000-0000-0000-0000-000000000001', '00000000-0000-0000-0000-000000000005', 304, 'http://localhost:9000/tracks/vivaldi-autumn.mp3'),
    ('30000000-0000-0000-0000-000000000004', 'The Four Seasons: Winter, I. Allegro non molto', '10000000-0000-0000-0000-000000000001', '20000000-0000-0000-0000-000000000001', '00000000-0000-0000-0000-000000000005', 208, 'http://localhost:9000/tracks/vivaldi-winter.mp3'),
    ('30000000-0000-0000-0000-000000000005', 'Moonlight Sonata, III. Presto agitato', '10000000-0000-0000-0000-000000000002', '20000000-0000-0000-0000-000000000002', '00000000-0000-0000-0000-000000000005', 493, 'http://localhost:9000/tracks/beethoven-moonlight.mp3'),
    ('30000000-0000-0000-0000-000000000006', 'Für Elise', '10000000-0000-0000-0000-000000000002', '20000000-0000-0000-0000-000000000002', '00000000-0000-0000-0000-000000000005', 186, 'http://localhost:9000/tracks/beethoven-fur-elise.mp3'),
    ('30000000-0000-0000-0000-000000000007', 'Eine kleine Nachtmusik, I. Allegro', '10000000-0000-0000-0000-000000000003', '20000000-0000-0000-0000-000000000003', '00000000-0000-0000-0000-000000000005', 240, 'http://localhost:9000/tracks/mozart-eine-kleine-nachtmusik.mp3'),
    ('30000000-0000-0000-0000-000000000008', 'Rondo alla Turca (Turkish March)', '10000000-0000-0000-0000-000000000003', '20000000-0000-0000-0000-000000000003', '00000000-0000-0000-0000-000000000005', 138, 'http://localhost:9000/tracks/mozart-turkish-march.mp3'),
    ('30000000-0000-0000-0000-000000000009', 'Toccata and Fugue in D minor, BWV 565: Toccata', '10000000-0000-0000-0000-000000000004', '20000000-0000-0000-0000-000000000004', '00000000-0000-0000-0000-000000000005', 156, 'http://localhost:9000/tracks/bach-toccata-fugue.mp3'),
    ('30000000-0000-0000-0000-000000000010', 'Air on the G String', '10000000-0000-0000-0000-000000000004', '20000000-0000-0000-0000-000000000004', '00000000-0000-0000-0000-000000000005', 211, 'http://localhost:9000/tracks/bach-air-on-g-string.mp3'),
    ('30000000-0000-0000-0000-000000000011', 'Canon in D', '10000000-0000-0000-0000-000000000005', '20000000-0000-0000-0000-000000000005', '00000000-0000-0000-0000-000000000005', 461, 'http://localhost:9000/tracks/pachelbel-canon.mp3')
ON CONFLICT DO NOTHING;
-- +goose StatementEnd

-- +goose Down
-- +goose StatementBegin
DELETE FROM tracks WHERE id IN (
    '30000000-0000-0000-0000-000000000001', '30000000-0000-0000-0000-000000000002',
    '30000000-0000-0000-0000-000000000003', '30000000-0000-0000-0000-000000000004',
    '30000000-0000-0000-0000-000000000005', '30000000-0000-0000-0000-000000000006',
    '30000000-0000-0000-0000-000000000007', '30000000-0000-0000-0000-000000000008',
    '30000000-0000-0000-0000-000000000009', '30000000-0000-0000-0000-000000000010',
    '30000000-0000-0000-0000-000000000011'
);
DELETE FROM albums WHERE id IN (
    '20000000-0000-0000-0000-000000000001', '20000000-0000-0000-0000-000000000002',
    '20000000-0000-0000-0000-000000000003', '20000000-0000-0000-0000-000000000004',
    '20000000-0000-0000-0000-000000000005'
);
DELETE FROM artists WHERE id IN (
    '10000000-0000-0000-0000-000000000001', '10000000-0000-0000-0000-000000000002',
    '10000000-0000-0000-0000-000000000003', '10000000-0000-0000-0000-000000000004',
    '10000000-0000-0000-0000-000000000005'
);
DELETE FROM genres WHERE id IN (
    '00000000-0000-0000-0000-000000000001', '00000000-0000-0000-0000-000000000002',
    '00000000-0000-0000-0000-000000000003', '00000000-0000-0000-0000-000000000004',
    '00000000-0000-0000-0000-000000000005', '00000000-0000-0000-0000-000000000006',
    '00000000-0000-0000-0000-000000000007', '00000000-0000-0000-0000-000000000008',
    '00000000-0000-0000-0000-000000000009', '00000000-0000-0000-0000-000000000010'
);
-- +goose StatementEnd
