-- +goose Up
-- +goose StatementBegin
INSERT INTO genres (id, name) VALUES
    ('00000000-0000-0000-0000-000000000001', 'Rock'),
    ('00000000-0000-0000-0000-000000000002', 'Pop'),
    ('00000000-0000-0000-0000-000000000003', 'Techno'),
    ('00000000-0000-0000-0000-000000000004', 'Jazz'),
    ('00000000-0000-0000-0000-000000000005', 'Classical'),
    ('00000000-0000-0000-0000-000000000006', 'Hip-Hop'),
    ('00000000-0000-0000-0000-000000000007', 'Electronic'),
    ('00000000-0000-0000-0000-000000000008', 'Ambient'),
    ('00000000-0000-0000-0000-000000000009', 'Indie'),
    ('00000000-0000-0000-0000-000000000010', 'Metal'),
    ('00000000-0000-0000-0000-000000000011', 'Ragtime'),
    ('00000000-0000-0000-0000-000000000012', 'Blues'),
    ('00000000-0000-0000-0000-000000000013', 'Folk')
ON CONFLICT DO NOTHING;

INSERT INTO artists (id, name) VALUES
    ('10000000-0000-0000-0000-000000000001', 'Antonio Vivaldi'),
    ('10000000-0000-0000-0000-000000000002', 'Ludwig van Beethoven'),
    ('10000000-0000-0000-0000-000000000003', 'Wolfgang Amadeus Mozart'),
    ('10000000-0000-0000-0000-000000000004', 'Johann Sebastian Bach'),
    ('10000000-0000-0000-0000-000000000005', 'Johann Pachelbel'),
    ('10000000-0000-0000-0000-000000000006', 'Scott Joplin'),
    ('10000000-0000-0000-0000-000000000007', 'Original Dixieland Jass Band'),
    ('10000000-0000-0000-0000-000000000008', 'Collins & Harlan'),
    ('10000000-0000-0000-0000-000000000009', 'Mamie Smith'),
    ('10000000-0000-0000-0000-000000000010', 'Victor Military Band'),
    ('10000000-0000-0000-0000-000000000011', 'John Philip Sousa'),
    ('10000000-0000-0000-0000-000000000012', 'Enrico Caruso'),
    ('10000000-0000-0000-0000-000000000013', 'Traditional Spiritual'),
    ('10000000-0000-0000-0000-000000000014', 'Stephen Foster'),
    ('10000000-0000-0000-0000-000000000015', 'Frédéric Chopin'),
    ('10000000-0000-0000-0000-000000000016', 'Edvard Grieg'),
    ('10000000-0000-0000-0000-000000000017', 'Camille Saint-Saëns'),
    ('10000000-0000-0000-0000-000000000018', 'Nikolai Rimsky-Korsakov'),
    ('10000000-0000-0000-0000-000000000019', 'George Frideric Handel'),
    ('10000000-0000-0000-0000-000000000020', 'Claude Debussy'),
    ('10000000-0000-0000-0000-000000000021', 'Franz Schubert')
ON CONFLICT DO NOTHING;

INSERT INTO albums (id, name) VALUES
    ('20000000-0000-0000-0000-000000000001', 'The Four Seasons'),
    ('20000000-0000-0000-0000-000000000002', 'Beethoven: Piano Masterpieces'),
    ('20000000-0000-0000-0000-000000000003', 'Mozart: Masterpieces'),
    ('20000000-0000-0000-0000-000000000004', 'Bach: Masterpieces'),
    ('20000000-0000-0000-0000-000000000005', 'Pachelbel: Canon in D'),
    ('20000000-0000-0000-0000-000000000006', 'Beethoven: Symphonies'),
    ('20000000-0000-0000-0000-000000000007', 'Chopin: Piano Works'),
    ('20000000-0000-0000-0000-000000000008', 'Grieg: Peer Gynt'),
    ('20000000-0000-0000-0000-000000000009', 'Classical Masterpieces'),
    ('20000000-0000-0000-0000-000000000010', 'Scott Joplin: Ragtime'),
    ('20000000-0000-0000-0000-000000000011', 'Early Jazz'),
    ('20000000-0000-0000-0000-000000000012', 'Early Blues'),
    ('20000000-0000-0000-0000-000000000013', 'Sousa: Marches'),
    ('20000000-0000-0000-0000-000000000014', 'Caruso: Opera Arias'),
    ('20000000-0000-0000-0000-000000000015', 'American Folk')
ON CONFLICT DO NOTHING;

-- Durations are exact (ffprobe). file_url keys match the object keys uploaded by scripts/seed-s3.sh.
-- genre ids: 004=Jazz, 005=Classical, 011=Ragtime, 012=Blues, 013=Folk.
INSERT INTO tracks (id, title, artist_id, album_id, genre_id, duration_seconds, file_url) VALUES
    ('30000000-0000-0000-0000-000000000001', 'The Four Seasons: Spring, I. Allegro', '10000000-0000-0000-0000-000000000001', '20000000-0000-0000-0000-000000000001', '00000000-0000-0000-0000-000000000005', 215, 'http://localhost:9000/tracks/vivaldi-spring.mp3'),
    ('30000000-0000-0000-0000-000000000002', 'The Four Seasons: Summer, III. Presto', '10000000-0000-0000-0000-000000000001', '20000000-0000-0000-0000-000000000001', '00000000-0000-0000-0000-000000000005', 159, 'http://localhost:9000/tracks/vivaldi-summer.mp3'),
    ('30000000-0000-0000-0000-000000000003', 'The Four Seasons: Autumn, I. Allegro', '10000000-0000-0000-0000-000000000001', '20000000-0000-0000-0000-000000000001', '00000000-0000-0000-0000-000000000005', 304, 'http://localhost:9000/tracks/vivaldi-autumn.mp3'),
    ('30000000-0000-0000-0000-000000000004', 'The Four Seasons: Winter, I. Allegro non molto', '10000000-0000-0000-0000-000000000001', '20000000-0000-0000-0000-000000000001', '00000000-0000-0000-0000-000000000005', 208, 'http://localhost:9000/tracks/vivaldi-winter.mp3'),
    ('30000000-0000-0000-0000-000000000005', 'Moonlight Sonata, III. Presto agitato', '10000000-0000-0000-0000-000000000002', '20000000-0000-0000-0000-000000000002', '00000000-0000-0000-0000-000000000005', 493, 'http://localhost:9000/tracks/beethoven-moonlight.mp3'),
    ('30000000-0000-0000-0000-000000000006', 'Für Elise', '10000000-0000-0000-0000-000000000002', '20000000-0000-0000-0000-000000000002', '00000000-0000-0000-0000-000000000005', 186, 'http://localhost:9000/tracks/beethoven-fur-elise.mp3'),
    ('30000000-0000-0000-0000-000000000007', 'Eine kleine Nachtmusik, I. Allegro', '10000000-0000-0000-0000-000000000003', '20000000-0000-0000-0000-000000000003', '00000000-0000-0000-0000-000000000005', 240, 'http://localhost:9000/tracks/mozart-eine-kleine-nachtmusik.mp3'),
    ('30000000-0000-0000-0000-000000000008', 'Rondo alla Turca (Turkish March)', '10000000-0000-0000-0000-000000000003', '20000000-0000-0000-0000-000000000003', '00000000-0000-0000-0000-000000000005', 138, 'http://localhost:9000/tracks/mozart-turkish-march.mp3'),
    ('30000000-0000-0000-0000-000000000009', 'Toccata and Fugue in D minor, BWV 565: Toccata', '10000000-0000-0000-0000-000000000004', '20000000-0000-0000-0000-000000000004', '00000000-0000-0000-0000-000000000005', 156, 'http://localhost:9000/tracks/bach-toccata-fugue.mp3'),
    ('30000000-0000-0000-0000-000000000010', 'Air on the G String', '10000000-0000-0000-0000-000000000004', '20000000-0000-0000-0000-000000000004', '00000000-0000-0000-0000-000000000005', 211, 'http://localhost:9000/tracks/bach-air-on-g-string.mp3'),
    ('30000000-0000-0000-0000-000000000011', 'Canon in D', '10000000-0000-0000-0000-000000000005', '20000000-0000-0000-0000-000000000005', '00000000-0000-0000-0000-000000000005', 461, 'http://localhost:9000/tracks/pachelbel-canon.mp3'),
    -- Ragtime — Scott Joplin
    ('30000000-0000-0000-0000-000000000012', 'Maple Leaf Rag', '10000000-0000-0000-0000-000000000006', '20000000-0000-0000-0000-000000000010', '00000000-0000-0000-0000-000000000011', 151, 'http://localhost:9000/tracks/joplin-maple-leaf-rag.mp3'),
    ('30000000-0000-0000-0000-000000000013', 'The Entertainer', '10000000-0000-0000-0000-000000000006', '20000000-0000-0000-0000-000000000010', '00000000-0000-0000-0000-000000000011', 224, 'http://localhost:9000/tracks/joplin-the-entertainer.mp3'),
    ('30000000-0000-0000-0000-000000000014', 'Pine Apple Rag', '10000000-0000-0000-0000-000000000006', '20000000-0000-0000-0000-000000000010', '00000000-0000-0000-0000-000000000011', 202, 'http://localhost:9000/tracks/joplin-pine-apple-rag.mp3'),
    ('30000000-0000-0000-0000-000000000015', 'The Ragtime Dance', '10000000-0000-0000-0000-000000000006', '20000000-0000-0000-0000-000000000010', '00000000-0000-0000-0000-000000000011', 217, 'http://localhost:9000/tracks/joplin-the-ragtime-dance.mp3'),
    ('30000000-0000-0000-0000-000000000016', 'Elite Syncopations', '10000000-0000-0000-0000-000000000006', '20000000-0000-0000-0000-000000000010', '00000000-0000-0000-0000-000000000011', 197, 'http://localhost:9000/tracks/joplin-elite-syncopations.mp3'),
    -- Early Jazz
    ('30000000-0000-0000-0000-000000000017', 'Livery Stable Blues', '10000000-0000-0000-0000-000000000007', '20000000-0000-0000-0000-000000000011', '00000000-0000-0000-0000-000000000004', 190, 'http://localhost:9000/tracks/odjb-livery-stable-blues.mp3'),
    ('30000000-0000-0000-0000-000000000018', 'Tiger Rag', '10000000-0000-0000-0000-000000000007', '20000000-0000-0000-0000-000000000011', '00000000-0000-0000-0000-000000000004', 177, 'http://localhost:9000/tracks/odjb-tiger-rag.mp3'),
    ('30000000-0000-0000-0000-000000000019', 'That Funny Jas Band from Dixieland', '10000000-0000-0000-0000-000000000008', '20000000-0000-0000-0000-000000000011', '00000000-0000-0000-0000-000000000004', 241, 'http://localhost:9000/tracks/funny-jas-band-from-dixieland.mp3'),
    -- Early Blues
    ('30000000-0000-0000-0000-000000000020', 'Crazy Blues', '10000000-0000-0000-0000-000000000009', '20000000-0000-0000-0000-000000000012', '00000000-0000-0000-0000-000000000012', 210, 'http://localhost:9000/tracks/mamie-smith-crazy-blues.mp3'),
    ('30000000-0000-0000-0000-000000000021', 'St. Louis Blues', '10000000-0000-0000-0000-000000000007', '20000000-0000-0000-0000-000000000012', '00000000-0000-0000-0000-000000000012', 190, 'http://localhost:9000/tracks/handy-st-louis-blues.mp3'),
    ('30000000-0000-0000-0000-000000000022', 'The Memphis Blues', '10000000-0000-0000-0000-000000000010', '20000000-0000-0000-0000-000000000012', '00000000-0000-0000-0000-000000000012', 177, 'http://localhost:9000/tracks/handy-memphis-blues.mp3'),
    -- Marches & Opera
    ('30000000-0000-0000-0000-000000000023', 'The Stars and Stripes Forever', '10000000-0000-0000-0000-000000000011', '20000000-0000-0000-0000-000000000013', '00000000-0000-0000-0000-000000000005', 215, 'http://localhost:9000/tracks/sousa-stars-and-stripes-forever.mp3'),
    ('30000000-0000-0000-0000-000000000024', 'The Washington Post March', '10000000-0000-0000-0000-000000000011', '20000000-0000-0000-0000-000000000013', '00000000-0000-0000-0000-000000000005', 158, 'http://localhost:9000/tracks/sousa-washington-post-march.mp3'),
    ('30000000-0000-0000-0000-000000000025', 'O Sole Mio', '10000000-0000-0000-0000-000000000012', '20000000-0000-0000-0000-000000000014', '00000000-0000-0000-0000-000000000005', 202, 'http://localhost:9000/tracks/caruso-o-sole-mio.mp3'),
    -- Folk / Americana
    ('30000000-0000-0000-0000-000000000026', 'Swing Low, Sweet Chariot', '10000000-0000-0000-0000-000000000013', '20000000-0000-0000-0000-000000000015', '00000000-0000-0000-0000-000000000013', 301, 'http://localhost:9000/tracks/swing-low-sweet-chariot.mp3'),
    ('30000000-0000-0000-0000-000000000027', 'The Old Folks at Home (Swanee River)', '10000000-0000-0000-0000-000000000014', '20000000-0000-0000-0000-000000000015', '00000000-0000-0000-0000-000000000013', 168, 'http://localhost:9000/tracks/old-folks-at-home.mp3'),
    -- More iconic Classical
    ('30000000-0000-0000-0000-000000000028', 'Symphony No. 5 in C minor, I. Allegro con brio', '10000000-0000-0000-0000-000000000002', '20000000-0000-0000-0000-000000000006', '00000000-0000-0000-0000-000000000005', 448, 'http://localhost:9000/tracks/beethoven-symphony-5.mp3'),
    ('30000000-0000-0000-0000-000000000029', 'Symphony No. 9: Ode to Joy', '10000000-0000-0000-0000-000000000002', '20000000-0000-0000-0000-000000000006', '00000000-0000-0000-0000-000000000005', 1376, 'http://localhost:9000/tracks/beethoven-symphony-9-ode-to-joy.mp3'),
    ('30000000-0000-0000-0000-000000000030', 'Brandenburg Concerto No. 3 in G major, I. Allegro', '10000000-0000-0000-0000-000000000004', '20000000-0000-0000-0000-000000000004', '00000000-0000-0000-0000-000000000005', 388, 'http://localhost:9000/tracks/bach-brandenburg-3.mp3'),
    ('30000000-0000-0000-0000-000000000031', 'Cello Suite No. 1 in G major: Prelude', '10000000-0000-0000-0000-000000000004', '20000000-0000-0000-0000-000000000004', '00000000-0000-0000-0000-000000000005', 130, 'http://localhost:9000/tracks/bach-cello-suite-1-prelude.mp3'),
    ('30000000-0000-0000-0000-000000000032', 'Nocturne in E-flat major, Op. 9 No. 2', '10000000-0000-0000-0000-000000000015', '20000000-0000-0000-0000-000000000007', '00000000-0000-0000-0000-000000000005', 249, 'http://localhost:9000/tracks/chopin-nocturne-9-2.mp3'),
    ('30000000-0000-0000-0000-000000000033', 'Peer Gynt: In the Hall of the Mountain King', '10000000-0000-0000-0000-000000000016', '20000000-0000-0000-0000-000000000008', '00000000-0000-0000-0000-000000000005', 146, 'http://localhost:9000/tracks/grieg-mountain-king.mp3'),
    ('30000000-0000-0000-0000-000000000034', 'Danse Macabre, Op. 40', '10000000-0000-0000-0000-000000000017', '20000000-0000-0000-0000-000000000009', '00000000-0000-0000-0000-000000000005', 412, 'http://localhost:9000/tracks/saint-saens-danse-macabre.mp3'),
    ('30000000-0000-0000-0000-000000000035', 'Symphony No. 40 in G minor, I. Allegro molto', '10000000-0000-0000-0000-000000000003', '20000000-0000-0000-0000-000000000003', '00000000-0000-0000-0000-000000000005', 446, 'http://localhost:9000/tracks/mozart-symphony-40.mp3'),
    ('30000000-0000-0000-0000-000000000036', 'Flight of the Bumblebee', '10000000-0000-0000-0000-000000000018', '20000000-0000-0000-0000-000000000009', '00000000-0000-0000-0000-000000000005', 79, 'http://localhost:9000/tracks/rimsky-flight-bumblebee.mp3'),
    ('30000000-0000-0000-0000-000000000037', 'Messiah: Hallelujah Chorus', '10000000-0000-0000-0000-000000000019', '20000000-0000-0000-0000-000000000009', '00000000-0000-0000-0000-000000000005', 223, 'http://localhost:9000/tracks/handel-hallelujah.mp3'),
    ('30000000-0000-0000-0000-000000000038', 'Clair de Lune', '10000000-0000-0000-0000-000000000020', '20000000-0000-0000-0000-000000000009', '00000000-0000-0000-0000-000000000005', 224, 'http://localhost:9000/tracks/debussy-clair-de-lune.mp3'),
    ('30000000-0000-0000-0000-000000000039', 'Ave Maria, D. 839', '10000000-0000-0000-0000-000000000021', '20000000-0000-0000-0000-000000000009', '00000000-0000-0000-0000-000000000005', 294, 'http://localhost:9000/tracks/schubert-ave-maria.mp3')
ON CONFLICT DO NOTHING;
-- +goose StatementEnd

-- +goose Down
-- +goose StatementBegin
DELETE FROM tracks WHERE id >= '30000000-0000-0000-0000-000000000001' AND id <= '30000000-0000-0000-0000-000000000039';
DELETE FROM albums WHERE id >= '20000000-0000-0000-0000-000000000001' AND id <= '20000000-0000-0000-0000-000000000015';
DELETE FROM artists WHERE id >= '10000000-0000-0000-0000-000000000001' AND id <= '10000000-0000-0000-0000-000000000021';
DELETE FROM genres WHERE id >= '00000000-0000-0000-0000-000000000001' AND id <= '00000000-0000-0000-0000-000000000013';
-- +goose StatementEnd
